{"playerData":{"playerStats":[0.0,-68.0,0.0],"playerPositionAndRotation":[804.2902221679688,2.0799996852874758,387.3179626464844,0.0,0.0,0.0],"inventoryContent":[],"quickSlotsContent":[]},"environmentData":{"pickedupItems":[]},"dayNumber":1}