{"playerData":{"playerStats":[0.0,-6.0,0.0],"playerPositionAndRotation":[717.1665649414063,2.0799996852874758,520.4319458007813,0.03814294934272766,-0.2246820330619812,0.008802007883787156],"inventoryContent":[],"quickSlotsContent":[]},"environmentData":{"pickedupItems":[]},"dayNumber":2}