{"playerData":{"playerStats":[0.0,-39.0,0.0],"playerPositionAndRotation":[601.98779296875,2.0799996852874758,603.0299682617188,0.0942528247833252,-0.27152177691459658,0.026729486882686616],"inventoryContent":[],"quickSlotsContent":[]},"environmentData":{"pickedupItems":[]},"dayNumber":1}