{"playerData":{"playerStats":[0.0,-3.0,0.0],"playerPositionAndRotation":[746.6704711914063,2.0799994468688967,505.3754577636719,-0.3671296238899231,-0.6308829188346863,0.450787216424942],"inventoryContent":["Pumpkin","WateringCan","TomatoSeed"],"quickSlotsContent":[]},"environmentData":{"pickedupItems":[]},"dayNumber":11}