{"playerData":{"playerStats":[0.0,-1.0,0.0],"playerPositionAndRotation":[733.3699951171875,2.0799996852874758,510.9200134277344,0.028493039309978486,0.06565253436565399,-0.001875452813692391],"inventoryContent":["Pumpkin","WateringCan","TomatoSeed"],"quickSlotsContent":[]},"environmentData":{"pickedupItems":[]},"dayNumber":1}