{"playerData":{"playerStats":[0.0,-3.0,0.0],"playerPositionAndRotation":[734.1329956054688,2.0799996852874758,523.1190185546875,0.03321035951375961,0.7498270869255066,-0.03774630278348923],"inventoryContent":[],"quickSlotsContent":[]},"environmentData":{"pickedupItems":[]}}