{"playerData":{"playerStats":[0.0,-1.0,0.0],"playerPositionAndRotation":[733.3699951171875,2.0799996852874758,510.9200134277344,-0.0035061296075582506,-0.9862396717071533,0.16393326222896577],"inventoryContent":[],"quickSlotsContent":[]},"environmentData":{"pickedupItems":[]},"dayNumber":1}