{"playerData":{"playerStats":[0.0,-1.0,0.0],"playerPositionAndRotation":[733.3699951171875,2.0799996852874758,510.9200134277344,0.22597596049308778,-0.041270047426223758,0.009582750499248505],"inventoryContent":[],"quickSlotsContent":[]},"environmentData":{"pickedupItems":[]},"dayNumber":3}