{"playerData":{"playerStats":[0.0,-3.0,0.0],"playerPositionAndRotation":[727.4338989257813,2.0799996852874758,518.7249755859375,0.0,0.0,0.0],"inventoryContent":[],"quickSlotsContent":[]},"environmentData":{"pickedupItems":[]},"dayNumber":1}