{"playerData":{"playerStats":[0.0,-3.0,0.0],"playerPositionAndRotation":[733.3699951171875,2.0799996852874758,524.4078369140625,0.0,0.0,0.0],"inventoryContent":[],"quickSlotsContent":[]},"environmentData":{"pickedupItems":[]},"dayNumber":1}